{
    "rmse": 0.7125627373154143,
    "mae": 0.5582980422732912,
    "r2": 0.21154446273467742
}